attempt,seed,cube_yaw_deg,outcome,success,time_from_reset_s,time_from_engage_s,regrasps,closes,wall_s,yaw_misalignment_deg
1,1,-128.1,success,True,54.28,54.27,5,6,54.28,38.1
2,2,113.1,success,True,32.68,30.69,4,5,32.47,23.1
3,3,108.5,success,True,36.04,34.57,5,6,35.83,18.5
4,4,171.4,success,True,31.83,30.91,4,5,31.83,8.6
5,5,5.5,success,True,26.23,25.39,4,5,26.03,5.5
6,6,-47.1,success,True,30.99,30.08,0,1,30.78,42.9
7,7,99.2,success,True,30.81,30.08,2,3,30.81,9.2
8,8,-65.3,success,True,24.92,23.89,1,2,24.72,24.7
9,9,37.1,success,True,19.14,19.14,1,2,18.94,37.1
10,10,118.2,success,True,24.28,24.07,1,2,24.07,28.2
11,11,36.5,success,True,19.04,18.01,2,3,18.84,36.5
12,12,-111.8,success,True,22.27,21.36,2,3,22.07,21.8
13,13,112.0,success,True,25.52,24.55,1,2,25.31,22.0
14,14,73.0,success,True,13.77,13.77,2,3,13.57,17.0
15,15,-56.0,success,True,20.92,20.08,1,2,20.72,34.0
16,16,-146.1,success,True,31.98,31.77,7,8,31.78,33.9
17,17,20.8,success,True,27.62,26.55,3,4,27.42,20.8
18,18,-78.9,success,True,17.51,17.3,1,2,17.3,11.1
19,19,-81.4,success,True,32.62,31.64,6,7,32.41,8.6
20,20,-136.2,success,True,23.68,22.74,0,1,23.48,43.8
